マンガ作品ID,アニメ化,アニメ化有無ID,合計話数,グループID,マンガ雑誌名
C92355,False,0,8-17話,0,週刊少年サンデー
C93126,False,0,8-17話,0,週刊少年サンデー
C91698,False,0,8-17話,0,週刊少年サンデー
C93467,False,0,8-17話,0,週刊少年サンデー
C93829,False,0,8-17話,0,週刊少年サンデー
C92262,False,0,8-17話,0,週刊少年サンデー
C92582,False,0,8-17話,0,週刊少年サンデー
C92108,False,0,8-17話,0,週刊少年サンデー
C93013,False,0,8-17話,0,週刊少年サンデー
C92928,False,0,8-17話,0,週刊少年サンデー
C93292,False,0,8-17話,0,週刊少年サンデー
C93759,False,0,8-17話,0,週刊少年サンデー
C93217,False,0,8-17話,0,週刊少年サンデー
C93823,False,0,8-17話,0,週刊少年サンデー
C93198,False,0,8-17話,0,週刊少年サンデー
C92533,False,0,8-17話,0,週刊少年サンデー
C92829,False,0,8-17話,0,週刊少年サンデー
C91657,False,0,8-17話,0,週刊少年サンデー
C92725,False,0,8-17話,0,週刊少年サンデー
C92756,False,0,8-17話,0,週刊少年サンデー
C92592,False,0,8-17話,0,週刊少年サンデー
C93847,False,0,8-17話,0,週刊少年サンデー
C92059,False,0,8-17話,0,週刊少年サンデー
C112725,False,0,8-17話,0,週刊少年サンデー
C115520,False,0,8-17話,0,週刊少年サンデー
C115521,False,0,8-17話,0,週刊少年サンデー
C115536,False,0,8-17話,0,週刊少年サンデー
C115544,False,0,8-17話,0,週刊少年サンデー
C115561,False,0,8-17話,0,週刊少年サンデー
C115562,False,0,8-17話,0,週刊少年サンデー
C92126,False,0,18-36話,1,週刊少年サンデー
C91773,False,0,18-36話,1,週刊少年サンデー
C92424,False,0,18-36話,1,週刊少年サンデー
C92451,False,0,18-36話,1,週刊少年サンデー
C93765,False,0,18-36話,1,週刊少年サンデー
C93690,False,0,18-36話,1,週刊少年サンデー
C92318,False,0,18-36話,1,週刊少年サンデー
C91654,False,0,18-36話,1,週刊少年サンデー
C93522,False,0,18-36話,1,週刊少年サンデー
C93944,False,0,18-36話,1,週刊少年サンデー
C93671,False,0,18-36話,1,週刊少年サンデー
C92779,False,0,18-36話,1,週刊少年サンデー
C93948,False,0,18-36話,1,週刊少年サンデー
C93915,False,0,18-36話,1,週刊少年サンデー
C93830,False,0,18-36話,1,週刊少年サンデー
C92798,False,0,18-36話,1,週刊少年サンデー
C92828,False,0,18-36話,1,週刊少年サンデー
C93310,False,0,18-36話,1,週刊少年サンデー
C93677,False,0,18-36話,1,週刊少年サンデー
C91636,False,0,18-36話,1,週刊少年サンデー
C92162,False,0,18-36話,1,週刊少年サンデー
C92369,False,0,18-36話,1,週刊少年サンデー
C92782,False,0,18-36話,1,週刊少年サンデー
C93946,False,0,18-36話,1,週刊少年サンデー
C93680,False,0,18-36話,1,週刊少年サンデー
C91672,False,0,18-36話,1,週刊少年サンデー
C93237,False,0,18-36話,1,週刊少年サンデー
C93482,False,0,18-36話,1,週刊少年サンデー
C91788,False,0,18-36話,1,週刊少年サンデー
C91647,False,0,18-36話,1,週刊少年サンデー
C91688,False,0,18-36話,1,週刊少年サンデー
C93611,False,0,18-36話,1,週刊少年サンデー
C92988,False,0,18-36話,1,週刊少年サンデー
C91767,False,0,18-36話,1,週刊少年サンデー
C92177,False,0,18-36話,1,週刊少年サンデー
C92351,False,0,18-36話,1,週刊少年サンデー
C92281,False,0,18-36話,1,週刊少年サンデー
C92930,False,0,18-36話,1,週刊少年サンデー
C92279,False,0,18-36話,1,週刊少年サンデー
C110913,False,0,18-36話,1,週刊少年サンデー
C110987,False,0,18-36話,1,週刊少年サンデー
C111005,False,0,18-36話,1,週刊少年サンデー
C111062,False,0,18-36話,1,週刊少年サンデー
C111076,False,0,18-36話,1,週刊少年サンデー
C111084,False,0,18-36話,1,週刊少年サンデー
C112746,False,0,18-36話,1,週刊少年サンデー
C112745,False,0,18-36話,1,週刊少年サンデー
C115424,False,0,18-36話,1,週刊少年サンデー
C115465,False,0,18-36話,1,週刊少年サンデー
C92375,False,0,37-92話,2,週刊少年サンデー
C92844,False,0,37-92話,2,週刊少年サンデー
C92848,False,0,37-92話,2,週刊少年サンデー
C92084,False,0,37-92話,2,週刊少年サンデー
C93113,False,0,37-92話,2,週刊少年サンデー
C93900,False,0,37-92話,2,週刊少年サンデー
C93143,False,0,37-92話,2,週刊少年サンデー
C93807,False,0,37-92話,2,週刊少年サンデー
C93244,False,0,37-92話,2,週刊少年サンデー
C92462,False,0,37-92話,2,週刊少年サンデー
C92323,False,0,37-92話,2,週刊少年サンデー
C92558,False,0,37-92話,2,週刊少年サンデー
C92069,False,0,37-92話,2,週刊少年サンデー
C92448,False,0,37-92話,2,週刊少年サンデー
C92071,False,0,37-92話,2,週刊少年サンデー
C92389,False,0,37-92話,2,週刊少年サンデー
C92317,False,0,37-92話,2,週刊少年サンデー
C93287,False,0,37-92話,2,週刊少年サンデー
C93415,False,0,37-92話,2,週刊少年サンデー
C93745,False,0,37-92話,2,週刊少年サンデー
C92813,False,0,37-92話,2,週刊少年サンデー
C92313,False,0,37-92話,2,週刊少年サンデー
C93491,False,0,37-92話,2,週刊少年サンデー
C92564,False,0,37-92話,2,週刊少年サンデー
C92679,False,0,37-92話,2,週刊少年サンデー
C92131,False,0,37-92話,2,週刊少年サンデー
C93488,False,0,37-92話,2,週刊少年サンデー
C92183,False,0,37-92話,2,週刊少年サンデー
C93459,False,0,37-92話,2,週刊少年サンデー
C91656,False,0,37-92話,2,週刊少年サンデー
C92168,False,0,37-92話,2,週刊少年サンデー
C93243,False,0,37-92話,2,週刊少年サンデー
C93916,False,0,37-92話,2,週刊少年サンデー
C93814,False,0,37-92話,2,週刊少年サンデー
C92089,False,0,37-92話,2,週刊少年サンデー
C93728,False,0,37-92話,2,週刊少年サンデー
C93290,False,0,37-92話,2,週刊少年サンデー
C92573,False,0,37-92話,2,週刊少年サンデー
C92441,False,0,37-92話,2,週刊少年サンデー
C93778,False,0,37-92話,2,週刊少年サンデー
C92189,False,0,37-92話,2,週刊少年サンデー
C92893,False,0,37-92話,2,週刊少年サンデー
C92995,False,0,37-92話,2,週刊少年サンデー
C93224,False,0,37-92話,2,週刊少年サンデー
C92299,False,0,37-92話,2,週刊少年サンデー
C93409,False,0,37-92話,2,週刊少年サンデー
C92291,False,0,37-92話,2,週刊少年サンデー
C93438,False,0,37-92話,2,週刊少年サンデー
C92723,False,0,37-92話,2,週刊少年サンデー
C93129,False,0,37-92話,2,週刊少年サンデー
C93718,False,0,37-92話,2,週刊少年サンデー
C93805,False,0,37-92話,2,週刊少年サンデー
C91706,False,0,37-92話,2,週刊少年サンデー
C93487,False,0,37-92話,2,週刊少年サンデー
C92092,False,0,37-92話,2,週刊少年サンデー
C92234,False,0,37-92話,2,週刊少年サンデー
C91676,False,0,37-92話,2,週刊少年サンデー
C93033,False,0,37-92話,2,週刊少年サンデー
C93283,False,0,37-92話,2,週刊少年サンデー
C93562,False,0,37-92話,2,週刊少年サンデー
C91789,False,0,37-92話,2,週刊少年サンデー
C92541,False,0,37-92話,2,週刊少年サンデー
C92169,False,0,37-92話,2,週刊少年サンデー
C93206,False,0,37-92話,2,週刊少年サンデー
C93149,False,0,37-92話,2,週刊少年サンデー
C92060,False,0,37-92話,2,週刊少年サンデー
C91769,False,0,37-92話,2,週刊少年サンデー
C93114,False,0,37-92話,2,週刊少年サンデー
C92264,False,0,37-92話,2,週刊少年サンデー
C92073,False,0,37-92話,2,週刊少年サンデー
C93884,False,0,37-92話,2,週刊少年サンデー
C92455,False,0,37-92話,2,週刊少年サンデー
C92106,False,0,37-92話,2,週刊少年サンデー
C93764,False,0,37-92話,2,週刊少年サンデー
C92834,False,0,37-92話,2,週刊少年サンデー
C91681,False,0,37-92話,2,週刊少年サンデー
C91690,False,0,37-92話,2,週刊少年サンデー
C93138,False,0,37-92話,2,週刊少年サンデー
C93653,False,0,37-92話,2,週刊少年サンデー
C91663,False,0,37-92話,2,週刊少年サンデー
C92860,False,0,37-92話,2,週刊少年サンデー
C93766,False,0,37-92話,2,週刊少年サンデー
C92303,False,0,37-92話,2,週刊少年サンデー
C92218,False,0,37-92話,2,週刊少年サンデー
C93338,False,0,37-92話,2,週刊少年サンデー
C92223,False,0,37-92話,2,週刊少年サンデー
C93852,False,0,37-92話,2,週刊少年サンデー
C93383,False,0,37-92話,2,週刊少年サンデー
C92391,False,0,37-92話,2,週刊少年サンデー
C92910,False,0,37-92話,2,週刊少年サンデー
C110901,False,0,37-92話,2,週刊少年サンデー
C110925,False,0,37-92話,2,週刊少年サンデー
C111059,False,0,37-92話,2,週刊少年サンデー
C111004,False,0,37-92話,2,週刊少年サンデー
C111006,False,0,37-92話,2,週刊少年サンデー
C111058,False,0,37-92話,2,週刊少年サンデー
C112731,False,0,37-92話,2,週刊少年サンデー
C112724,False,0,37-92話,2,週刊少年サンデー
C112747,False,0,37-92話,2,週刊少年サンデー
C112726,False,0,37-92話,2,週刊少年サンデー
C112750,False,0,37-92話,2,週刊少年サンデー
C112748,False,0,37-92話,2,週刊少年サンデー
C112743,False,0,37-92話,2,週刊少年サンデー
C112738,False,0,37-92話,2,週刊少年サンデー
C112723,False,0,37-92話,2,週刊少年サンデー
C112751,False,0,37-92話,2,週刊少年サンデー
C112729,False,0,37-92話,2,週刊少年サンデー
C93352,False,0,93-1008話,3,週刊少年サンデー
C93723,False,0,93-1008話,3,週刊少年サンデー
C93160,False,0,93-1008話,3,週刊少年サンデー
C92205,False,0,93-1008話,3,週刊少年サンデー
C93656,False,0,93-1008話,3,週刊少年サンデー
C92506,False,0,93-1008話,3,週刊少年サンデー
C92082,False,0,93-1008話,3,週刊少年サンデー
C93061,False,0,93-1008話,3,週刊少年サンデー
C92985,False,0,93-1008話,3,週刊少年サンデー
C92159,False,0,93-1008話,3,週刊少年サンデー
C91648,False,0,93-1008話,3,週刊少年サンデー
C93014,False,0,93-1008話,3,週刊少年サンデー
C92123,False,0,93-1008話,3,週刊少年サンデー
C93216,False,0,93-1008話,3,週刊少年サンデー
C92943,False,0,93-1008話,3,週刊少年サンデー
C92412,False,0,93-1008話,3,週刊少年サンデー
C93545,False,0,93-1008話,3,週刊少年サンデー
C91730,False,0,93-1008話,3,週刊少年サンデー
C93083,False,0,93-1008話,3,週刊少年サンデー
C93315,False,0,93-1008話,3,週刊少年サンデー
C93783,False,0,93-1008話,3,週刊少年サンデー
C92824,False,0,93-1008話,3,週刊少年サンデー
C92615,False,0,93-1008話,3,週刊少年サンデー
C93180,False,0,93-1008話,3,週刊少年サンデー
C91709,False,0,93-1008話,3,週刊少年サンデー
C92574,False,0,93-1008話,3,週刊少年サンデー
C92802,False,0,93-1008話,3,週刊少年サンデー
C93601,False,0,93-1008話,3,週刊少年サンデー
C93784,False,0,93-1008話,3,週刊少年サンデー
C91671,False,0,93-1008話,3,週刊少年サンデー
C91653,False,0,93-1008話,3,週刊少年サンデー
C93233,False,0,93-1008話,3,週刊少年サンデー
C91643,False,0,93-1008話,3,週刊少年サンデー
C92171,False,0,93-1008話,3,週刊少年サンデー
C91677,False,0,93-1008話,3,週刊少年サンデー
C93953,False,0,93-1008話,3,週刊少年サンデー
C92503,False,0,93-1008話,3,週刊少年サンデー
C93821,False,0,93-1008話,3,週刊少年サンデー
C92908,False,0,93-1008話,3,週刊少年サンデー
C92109,False,0,93-1008話,3,週刊少年サンデー
C93375,False,0,93-1008話,3,週刊少年サンデー
C91790,False,0,93-1008話,3,週刊少年サンデー
C92492,False,0,93-1008話,3,週刊少年サンデー
C92075,False,0,93-1008話,3,週刊少年サンデー
C92746,False,0,93-1008話,3,週刊少年サンデー
C92195,False,0,93-1008話,3,週刊少年サンデー
C92459,False,0,93-1008話,3,週刊少年サンデー
C93465,False,0,93-1008話,3,週刊少年サンデー
C92895,False,0,93-1008話,3,週刊少年サンデー
C92917,False,0,93-1008話,3,週刊少年サンデー
C92330,False,0,93-1008話,3,週刊少年サンデー
C92480,False,0,93-1008話,3,週刊少年サンデー
C91658,False,0,93-1008話,3,週刊少年サンデー
C91645,False,0,93-1008話,3,週刊少年サンデー
C93594,False,0,93-1008話,3,週刊少年サンデー
C92235,False,0,93-1008話,3,週刊少年サンデー
C91675,False,0,93-1008話,3,週刊少年サンデー
C92918,False,0,93-1008話,3,週刊少年サンデー
C92915,False,0,93-1008話,3,週刊少年サンデー
C92067,False,0,93-1008話,3,週刊少年サンデー
C93815,False,0,93-1008話,3,週刊少年サンデー
C92061,False,0,93-1008話,3,週刊少年サンデー
C92111,False,0,93-1008話,3,週刊少年サンデー
C93785,False,0,93-1008話,3,週刊少年サンデー
C92192,False,0,93-1008話,3,週刊少年サンデー
C110985,False,0,93-1008話,3,週刊少年サンデー
C110989,False,0,93-1008話,3,週刊少年サンデー
C111010,False,0,93-1008話,3,週刊少年サンデー
C112735,False,0,93-1008話,3,週刊少年サンデー
C93471,True,1,8-17話,0,週刊少年サンデー
C93564,True,1,37-92話,2,週刊少年サンデー
C93592,True,1,37-92話,2,週刊少年サンデー
C92357,True,1,93-1008話,3,週刊少年サンデー
C92780,True,1,93-1008話,3,週刊少年サンデー
C93539,True,1,93-1008話,3,週刊少年サンデー
C92636,True,1,93-1008話,3,週刊少年サンデー
C91652,True,1,93-1008話,3,週刊少年サンデー
C91670,True,1,93-1008話,3,週刊少年サンデー
C93936,True,1,93-1008話,3,週刊少年サンデー
C93610,True,1,93-1008話,3,週刊少年サンデー
C92178,True,1,93-1008話,3,週刊少年サンデー
C92062,True,1,93-1008話,3,週刊少年サンデー
C93195,True,1,93-1008話,3,週刊少年サンデー
C92896,True,1,93-1008話,3,週刊少年サンデー
C92290,True,1,93-1008話,3,週刊少年サンデー
C93612,True,1,93-1008話,3,週刊少年サンデー
C92996,True,1,93-1008話,3,週刊少年サンデー
C93486,True,1,93-1008話,3,週刊少年サンデー
C92326,True,1,93-1008話,3,週刊少年サンデー
C92696,True,1,93-1008話,3,週刊少年サンデー
C93705,True,1,93-1008話,3,週刊少年サンデー
C92301,True,1,93-1008話,3,週刊少年サンデー
C92601,True,1,93-1008話,3,週刊少年サンデー
C92136,True,1,93-1008話,3,週刊少年サンデー
C92204,True,1,93-1008話,3,週刊少年サンデー
C93469,True,1,93-1008話,3,週刊少年サンデー
C93043,True,1,93-1008話,3,週刊少年サンデー
C92222,True,1,93-1008話,3,週刊少年サンデー
C93207,True,1,93-1008話,3,週刊少年サンデー
C92312,True,1,93-1008話,3,週刊少年サンデー
C92818,True,1,93-1008話,3,週刊少年サンデー
C88441,False,0,8-17話,0,週刊少年ジャンプ
C87703,False,0,8-17話,0,週刊少年ジャンプ
C89501,False,0,8-17話,0,週刊少年ジャンプ
C87787,False,0,8-17話,0,週刊少年ジャンプ
C89214,False,0,8-17話,0,週刊少年ジャンプ
C87499,False,0,8-17話,0,週刊少年ジャンプ
C87687,False,0,8-17話,0,週刊少年ジャンプ
C89211,False,0,8-17話,0,週刊少年ジャンプ
C89227,False,0,8-17話,0,週刊少年ジャンプ
C89735,False,0,8-17話,0,週刊少年ジャンプ
C88152,False,0,8-17話,0,週刊少年ジャンプ
C89210,False,0,8-17話,0,週刊少年ジャンプ
C87713,False,0,8-17話,0,週刊少年ジャンプ
C87852,False,0,8-17話,0,週刊少年ジャンプ
C87828,False,0,8-17話,0,週刊少年ジャンプ
C89473,False,0,8-17話,0,週刊少年ジャンプ
C88632,False,0,8-17話,0,週刊少年ジャンプ
C87897,False,0,8-17話,0,週刊少年ジャンプ
C89496,False,0,8-17話,0,週刊少年ジャンプ
C89289,False,0,8-17話,0,週刊少年ジャンプ
C89079,False,0,8-17話,0,週刊少年ジャンプ
C88449,False,0,8-17話,0,週刊少年ジャンプ
C87616,False,0,8-17話,0,週刊少年ジャンプ
C88110,False,0,8-17話,0,週刊少年ジャンプ
C89709,False,0,8-17話,0,週刊少年ジャンプ
C89744,False,0,8-17話,0,週刊少年ジャンプ
C89237,False,0,8-17話,0,週刊少年ジャンプ
C87599,False,0,8-17話,0,週刊少年ジャンプ
C87833,False,0,8-17話,0,週刊少年ジャンプ
C88291,False,0,8-17話,0,週刊少年ジャンプ
C88629,False,0,8-17話,0,週刊少年ジャンプ
C89827,False,0,8-17話,0,週刊少年ジャンプ
C88261,False,0,8-17話,0,週刊少年ジャンプ
C88193,False,0,8-17話,0,週刊少年ジャンプ
C89541,False,0,8-17話,0,週刊少年ジャンプ
C88902,False,0,8-17話,0,週刊少年ジャンプ
C89004,False,0,8-17話,0,週刊少年ジャンプ
C87767,False,0,8-17話,0,週刊少年ジャンプ
C87487,False,0,8-17話,0,週刊少年ジャンプ
C89882,False,0,8-17話,0,週刊少年ジャンプ
C87727,False,0,8-17話,0,週刊少年ジャンプ
C87786,False,0,8-17話,0,週刊少年ジャンプ
C87643,False,0,8-17話,0,週刊少年ジャンプ
C88232,False,0,8-17話,0,週刊少年ジャンプ
C88478,False,0,8-17話,0,週刊少年ジャンプ
C88285,False,0,8-17話,0,週刊少年ジャンプ
C89599,False,0,8-17話,0,週刊少年ジャンプ
C87629,False,0,8-17話,0,週刊少年ジャンプ
C88505,False,0,8-17話,0,週刊少年ジャンプ
C88551,False,0,8-17話,0,週刊少年ジャンプ
C88994,False,0,8-17話,0,週刊少年ジャンプ
C87842,False,0,8-17話,0,週刊少年ジャンプ
C88462,False,0,8-17話,0,週刊少年ジャンプ
C89343,False,0,8-17話,0,週刊少年ジャンプ
C88246,False,0,8-17話,0,週刊少年ジャンプ
C89860,False,0,8-17話,0,週刊少年ジャンプ
C87876,False,0,8-17話,0,週刊少年ジャンプ
C89582,False,0,8-17話,0,週刊少年ジャンプ
C89722,False,0,8-17話,0,週刊少年ジャンプ
C88334,False,0,8-17話,0,週刊少年ジャンプ
C87992,False,0,8-17話,0,週刊少年ジャンプ
C87722,False,0,8-17話,0,週刊少年ジャンプ
C88450,False,0,8-17話,0,週刊少年ジャンプ
C87873,False,0,8-17話,0,週刊少年ジャンプ
C87810,False,0,8-17話,0,週刊少年ジャンプ
C87591,False,0,8-17話,0,週刊少年ジャンプ
C88446,False,0,8-17話,0,週刊少年ジャンプ
C88475,False,0,8-17話,0,週刊少年ジャンプ
C88345,False,0,8-17話,0,週刊少年ジャンプ
C89752,False,0,8-17話,0,週刊少年ジャンプ
C87843,False,0,8-17話,0,週刊少年ジャンプ
C88366,False,0,8-17話,0,週刊少年ジャンプ
C88946,False,0,8-17話,0,週刊少年ジャンプ
C88760,False,0,8-17話,0,週刊少年ジャンプ
C87775,False,0,8-17話,0,週刊少年ジャンプ
C89662,False,0,8-17話,0,週刊少年ジャンプ
C89060,False,0,8-17話,0,週刊少年ジャンプ
C88155,False,0,8-17話,0,週刊少年ジャンプ
C88384,False,0,8-17話,0,週刊少年ジャンプ
C89016,False,0,8-17話,0,週刊少年ジャンプ
C88701,False,0,8-17話,0,週刊少年ジャンプ
C87711,False,0,8-17話,0,週刊少年ジャンプ
C89450,False,0,8-17話,0,週刊少年ジャンプ
C88881,False,0,8-17話,0,週刊少年ジャンプ
C87997,False,0,8-17話,0,週刊少年ジャンプ
C87799,False,0,8-17話,0,週刊少年ジャンプ
C87766,False,0,8-17話,0,週刊少年ジャンプ
C89254,False,0,8-17話,0,週刊少年ジャンプ
C89068,False,0,8-17話,0,週刊少年ジャンプ
C89565,False,0,8-17話,0,週刊少年ジャンプ
C89488,False,0,8-17話,0,週刊少年ジャンプ
C89308,False,0,8-17話,0,週刊少年ジャンプ
C88265,False,0,8-17話,0,週刊少年ジャンプ
C89885,False,0,8-17話,0,週刊少年ジャンプ
C88909,False,0,8-17話,0,週刊少年ジャンプ
C88479,False,0,8-17話,0,週刊少年ジャンプ
C88247,False,0,8-17話,0,週刊少年ジャンプ
C87659,False,0,8-17話,0,週刊少年ジャンプ
C88354,False,0,8-17話,0,週刊少年ジャンプ
C89663,False,0,8-17話,0,週刊少年ジャンプ
C88949,False,0,8-17話,0,週刊少年ジャンプ
C89609,False,0,8-17話,0,週刊少年ジャンプ
C88563,False,0,8-17話,0,週刊少年ジャンプ
C88059,False,0,8-17話,0,週刊少年ジャンプ
C88425,False,0,8-17話,0,週刊少年ジャンプ
C89459,False,0,8-17話,0,週刊少年ジャンプ
C89608,False,0,8-17話,0,週刊少年ジャンプ
C87927,False,0,8-17話,0,週刊少年ジャンプ
C89644,False,0,8-17話,0,週刊少年ジャンプ
C87676,False,0,8-17話,0,週刊少年ジャンプ
C87886,False,0,8-17話,0,週刊少年ジャンプ
C110892,False,0,8-17話,0,週刊少年ジャンプ
C110927,False,0,8-17話,0,週刊少年ジャンプ
C111025,False,0,8-17話,0,週刊少年ジャンプ
C111078,False,0,8-17話,0,週刊少年ジャンプ
C111079,False,0,8-17話,0,週刊少年ジャンプ
C112665,False,0,8-17話,0,週刊少年ジャンプ
C115390,False,0,8-17話,0,週刊少年ジャンプ
C115395,False,0,8-17話,0,週刊少年ジャンプ
C115442,False,0,8-17話,0,週刊少年ジャンプ
C115448,False,0,8-17話,0,週刊少年ジャンプ
C88368,False,0,18-36話,1,週刊少年ジャンプ
C89000,False,0,18-36話,1,週刊少年ジャンプ
C89706,False,0,18-36話,1,週刊少年ジャンプ
C89228,False,0,18-36話,1,週刊少年ジャンプ
C89591,False,0,18-36話,1,週刊少年ジャンプ
C89352,False,0,18-36話,1,週刊少年ジャンプ
C89055,False,0,18-36話,1,週刊少年ジャンプ
C89057,False,0,18-36話,1,週刊少年ジャンプ
C88689,False,0,18-36話,1,週刊少年ジャンプ
C89647,False,0,18-36話,1,週刊少年ジャンプ
C88782,False,0,18-36話,1,週刊少年ジャンプ
C89626,False,0,18-36話,1,週刊少年ジャンプ
C87789,False,0,18-36話,1,週刊少年ジャンプ
C87805,False,0,18-36話,1,週刊少年ジャンプ
C87847,False,0,18-36話,1,週刊少年ジャンプ
C89021,False,0,18-36話,1,週刊少年ジャンプ
C89641,False,0,18-36話,1,週刊少年ジャンプ
C88918,False,0,18-36話,1,週刊少年ジャンプ
C87606,False,0,18-36話,1,週刊少年ジャンプ
C89515,False,0,18-36話,1,週刊少年ジャンプ
C87640,False,0,18-36話,1,週刊少年ジャンプ
C87914,False,0,18-36話,1,週刊少年ジャンプ
C87836,False,0,18-36話,1,週刊少年ジャンプ
C88423,False,0,18-36話,1,週刊少年ジャンプ
C88308,False,0,18-36話,1,週刊少年ジャンプ
C87600,False,0,18-36話,1,週刊少年ジャンプ
C89750,False,0,18-36話,1,週刊少年ジャンプ
C89140,False,0,18-36話,1,週刊少年ジャンプ
C89502,False,0,18-36話,1,週刊少年ジャンプ
C88750,False,0,18-36話,1,週刊少年ジャンプ
C87916,False,0,18-36話,1,週刊少年ジャンプ
C88766,False,0,18-36話,1,週刊少年ジャンプ
C89178,False,0,18-36話,1,週刊少年ジャンプ
C89831,False,0,18-36話,1,週刊少年ジャンプ
C87705,False,0,18-36話,1,週刊少年ジャンプ
C88885,False,0,18-36話,1,週刊少年ジャンプ
C88476,False,0,18-36話,1,週刊少年ジャンプ
C88978,False,0,18-36話,1,週刊少年ジャンプ
C88726,False,0,18-36話,1,週刊少年ジャンプ
C87894,False,0,18-36話,1,週刊少年ジャンプ
C88314,False,0,18-36話,1,週刊少年ジャンプ
C87866,False,0,18-36話,1,週刊少年ジャンプ
C88422,False,0,18-36話,1,週刊少年ジャンプ
C89870,False,0,18-36話,1,週刊少年ジャンプ
C89770,False,0,18-36話,1,週刊少年ジャンプ
C88763,False,0,18-36話,1,週刊少年ジャンプ
C88254,False,0,18-36話,1,週刊少年ジャンプ
C89121,False,0,18-36話,1,週刊少年ジャンプ
C87517,False,0,18-36話,1,週刊少年ジャンプ
C89093,False,0,18-36話,1,週刊少年ジャンプ
C87819,False,0,18-36話,1,週刊少年ジャンプ
C87614,False,0,18-36話,1,週刊少年ジャンプ
C89409,False,0,18-36話,1,週刊少年ジャンプ
C87978,False,0,18-36話,1,週刊少年ジャンプ
C89153,False,0,18-36話,1,週刊少年ジャンプ
C88499,False,0,18-36話,1,週刊少年ジャンプ
C89403,False,0,18-36話,1,週刊少年ジャンプ
C89041,False,0,18-36話,1,週刊少年ジャンプ
C89122,False,0,18-36話,1,週刊少年ジャンプ
C88287,False,0,18-36話,1,週刊少年ジャンプ
C89543,False,0,18-36話,1,週刊少年ジャンプ
C87586,False,0,18-36話,1,週刊少年ジャンプ
C88372,False,0,18-36話,1,週刊少年ジャンプ
C87778,False,0,18-36話,1,週刊少年ジャンプ
C88003,False,0,18-36話,1,週刊少年ジャンプ
C89689,False,0,18-36話,1,週刊少年ジャンプ
C87874,False,0,18-36話,1,週刊少年ジャンプ
C88944,False,0,18-36話,1,週刊少年ジャンプ
C89697,False,0,18-36話,1,週刊少年ジャンプ
C87772,False,0,18-36話,1,週刊少年ジャンプ
C88263,False,0,18-36話,1,週刊少年ジャンプ
C89013,False,0,18-36話,1,週刊少年ジャンプ
C87718,False,0,18-36話,1,週刊少年ジャンプ
C88634,False,0,18-36話,1,週刊少年ジャンプ
C88644,False,0,18-36話,1,週刊少年ジャンプ
C89846,False,0,18-36話,1,週刊少年ジャンプ
C89364,False,0,18-36話,1,週刊少年ジャンプ
C88646,False,0,18-36話,1,週刊少年ジャンプ
C88916,False,0,18-36話,1,週刊少年ジャンプ
C88592,False,0,18-36話,1,週刊少年ジャンプ
C87708,False,0,18-36話,1,週刊少年ジャンプ
C88887,False,0,18-36話,1,週刊少年ジャンプ
C88080,False,0,18-36話,1,週刊少年ジャンプ
C87931,False,0,18-36話,1,週刊少年ジャンプ
C88543,False,0,18-36話,1,週刊少年ジャンプ
C89019,False,0,18-36話,1,週刊少年ジャンプ
C110920,False,0,18-36話,1,週刊少年ジャンプ
C110926,False,0,18-36話,1,週刊少年ジャンプ
C110958,False,0,18-36話,1,週刊少年ジャンプ
C111101,False,0,18-36話,1,週刊少年ジャンプ
C112655,False,0,18-36話,1,週刊少年ジャンプ
C115420,False,0,18-36話,1,週刊少年ジャンプ
C115491,False,0,18-36話,1,週刊少年ジャンプ
C115492,False,0,18-36話,1,週刊少年ジャンプ
C115493,False,0,18-36話,1,週刊少年ジャンプ
C115494,False,0,18-36話,1,週刊少年ジャンプ
C115495,False,0,18-36話,1,週刊少年ジャンプ
C115512,False,0,18-36話,1,週刊少年ジャンプ
C88121,False,0,37-92話,2,週刊少年ジャンプ
C89434,False,0,37-92話,2,週刊少年ジャンプ
C89088,False,0,37-92話,2,週刊少年ジャンプ
C89072,False,0,37-92話,2,週刊少年ジャンプ
C89732,False,0,37-92話,2,週刊少年ジャンプ
C89400,False,0,37-92話,2,週刊少年ジャンプ
C88400,False,0,37-92話,2,週刊少年ジャンプ
C87628,False,0,37-92話,2,週刊少年ジャンプ
C88282,False,0,37-92話,2,週刊少年ジャンプ
C89441,False,0,37-92話,2,週刊少年ジャンプ
C89572,False,0,37-92話,2,週刊少年ジャンプ
C89587,False,0,37-92話,2,週刊少年ジャンプ
C89538,False,0,37-92話,2,週刊少年ジャンプ
C89323,False,0,37-92話,2,週刊少年ジャンプ
C89528,False,0,37-92話,2,週刊少年ジャンプ
C89630,False,0,37-92話,2,週刊少年ジャンプ
C88679,False,0,37-92話,2,週刊少年ジャンプ
C89627,False,0,37-92話,2,週刊少年ジャンプ
C89015,False,0,37-92話,2,週刊少年ジャンプ
C88996,False,0,37-92話,2,週刊少年ジャンプ
C89684,False,0,37-92話,2,週刊少年ジャンプ
C88912,False,0,37-92話,2,週刊少年ジャンプ
C87820,False,0,37-92話,2,週刊少年ジャンプ
C88754,False,0,37-92話,2,週刊少年ジャンプ
C89137,False,0,37-92話,2,週刊少年ジャンプ
C89145,False,0,37-92話,2,週刊少年ジャンプ
C88141,False,0,37-92話,2,週刊少年ジャンプ
C88130,False,0,37-92話,2,週刊少年ジャンプ
C87783,False,0,37-92話,2,週刊少年ジャンプ
C88531,False,0,37-92話,2,週刊少年ジャンプ
C88588,False,0,37-92話,2,週刊少年ジャンプ
C89356,False,0,37-92話,2,週刊少年ジャンプ
C88641,False,0,37-92話,2,週刊少年ジャンプ
C88596,False,0,37-92話,2,週刊少年ジャンプ
C89624,False,0,37-92話,2,週刊少年ジャンプ
C88965,False,0,37-92話,2,週刊少年ジャンプ
C87754,False,0,37-92話,2,週刊少年ジャンプ
C111020,False,0,37-92話,2,週刊少年ジャンプ
C111077,False,0,37-92話,2,週刊少年ジャンプ
C112672,False,0,37-92話,2,週刊少年ジャンプ
C112648,False,0,37-92話,2,週刊少年ジャンプ
C112675,False,0,37-92話,2,週刊少年ジャンプ
C112641,False,0,37-92話,2,週刊少年ジャンプ
C115384,False,0,37-92話,2,週刊少年ジャンプ
C115422,False,0,37-92話,2,週刊少年ジャンプ
C88904,False,0,93-1008話,3,週刊少年ジャンプ
C87942,False,0,93-1008話,3,週刊少年ジャンプ
C89150,False,0,93-1008話,3,週刊少年ジャンプ
C89562,False,0,93-1008話,3,週刊少年ジャンプ
C87617,False,0,93-1008話,3,週刊少年ジャンプ
C88139,False,0,93-1008話,3,週刊少年ジャンプ
C88391,False,0,93-1008話,3,週刊少年ジャンプ
C88914,False,0,93-1008話,3,週刊少年ジャンプ
C87903,False,0,93-1008話,3,週刊少年ジャンプ
C87726,False,0,93-1008話,3,週刊少年ジャンプ
C88572,False,0,93-1008話,3,週刊少年ジャンプ
C89677,False,0,93-1008話,3,週刊少年ジャンプ
C87838,False,0,93-1008話,3,週刊少年ジャンプ
C89810,False,0,93-1008話,3,週刊少年ジャンプ
C88492,False,0,93-1008話,3,週刊少年ジャンプ
C89460,False,0,93-1008話,3,週刊少年ジャンプ
C87796,False,0,93-1008話,3,週刊少年ジャンプ
C89666,False,0,93-1008話,3,週刊少年ジャンプ
C88132,False,0,93-1008話,3,週刊少年ジャンプ
C87829,False,0,93-1008話,3,週刊少年ジャンプ
C88072,False,0,93-1008話,3,週刊少年ジャンプ
C89453,False,0,93-1008話,3,週刊少年ジャンプ
C88060,False,0,93-1008話,3,週刊少年ジャンプ
C111023,False,0,93-1008話,3,週刊少年ジャンプ
C89851,True,1,8-17話,0,週刊少年ジャンプ
C112626,True,1,8-17話,0,週刊少年ジャンプ
C88332,True,1,18-36話,1,週刊少年ジャンプ
C89375,True,1,18-36話,1,週刊少年ジャンプ
C87804,True,1,37-92話,2,週刊少年ジャンプ
C87657,True,1,37-92話,2,週刊少年ジャンプ
C88936,True,1,37-92話,2,週刊少年ジャンプ
C89504,True,1,37-92話,2,週刊少年ジャンプ
C87855,True,1,93-1008話,3,週刊少年ジャンプ
C89775,True,1,93-1008話,3,週刊少年ジャンプ
C87458,True,1,93-1008話,3,週刊少年ジャンプ
C88780,True,1,93-1008話,3,週刊少年ジャンプ
C89841,True,1,93-1008話,3,週刊少年ジャンプ
C89646,True,1,93-1008話,3,週刊少年ジャンプ
C89166,True,1,93-1008話,3,週刊少年ジャンプ
C89762,True,1,93-1008話,3,週刊少年ジャンプ
C89382,True,1,93-1008話,3,週刊少年ジャンプ
C87818,True,1,93-1008話,3,週刊少年ジャンプ
C89162,True,1,93-1008話,3,週刊少年ジャンプ
C87719,True,1,93-1008話,3,週刊少年ジャンプ
C88806,True,1,93-1008話,3,週刊少年ジャンプ
C89200,True,1,93-1008話,3,週刊少年ジャンプ
C89435,True,1,93-1008話,3,週刊少年ジャンプ
C87802,True,1,93-1008話,3,週刊少年ジャンプ
C87611,True,1,93-1008話,3,週刊少年ジャンプ
C89552,True,1,93-1008話,3,週刊少年ジャンプ
C87612,True,1,93-1008話,3,週刊少年ジャンプ
C87485,True,1,93-1008話,3,週刊少年ジャンプ
C88064,True,1,93-1008話,3,週刊少年ジャンプ
C87929,True,1,93-1008話,3,週刊少年ジャンプ
C87653,True,1,93-1008話,3,週刊少年ジャンプ
C88312,True,1,93-1008話,3,週刊少年ジャンプ
C88426,True,1,93-1008話,3,週刊少年ジャンプ
C87655,True,1,93-1008話,3,週刊少年ジャンプ
C89589,True,1,93-1008話,3,週刊少年ジャンプ
C87887,True,1,93-1008話,3,週刊少年ジャンプ
C87854,True,1,93-1008話,3,週刊少年ジャンプ
C89302,True,1,93-1008話,3,週刊少年ジャンプ
C89355,True,1,93-1008話,3,週刊少年ジャンプ
C89152,True,1,93-1008話,3,週刊少年ジャンプ
C88593,True,1,93-1008話,3,週刊少年ジャンプ
C89685,True,1,93-1008話,3,週刊少年ジャンプ
C89330,True,1,93-1008話,3,週刊少年ジャンプ
C89277,True,1,93-1008話,3,週刊少年ジャンプ
C88710,True,1,93-1008話,3,週刊少年ジャンプ
C88034,True,1,93-1008話,3,週刊少年ジャンプ
C88489,True,1,93-1008話,3,週刊少年ジャンプ
C89872,True,1,93-1008話,3,週刊少年ジャンプ
C89136,True,1,93-1008話,3,週刊少年ジャンプ
C94849,False,0,8-17話,0,週刊少年チャンピオン
C94299,False,0,8-17話,0,週刊少年チャンピオン
C94315,False,0,8-17話,0,週刊少年チャンピオン
C95020,False,0,8-17話,0,週刊少年チャンピオン
C94871,False,0,8-17話,0,週刊少年チャンピオン
C94542,False,0,8-17話,0,週刊少年チャンピオン
C95307,False,0,8-17話,0,週刊少年チャンピオン
C95082,False,0,8-17話,0,週刊少年チャンピオン
C95680,False,0,8-17話,0,週刊少年チャンピオン
C94419,False,0,8-17話,0,週刊少年チャンピオン
C94164,False,0,8-17話,0,週刊少年チャンピオン
C94158,False,0,8-17話,0,週刊少年チャンピオン
C94354,False,0,8-17話,0,週刊少年チャンピオン
C95594,False,0,8-17話,0,週刊少年チャンピオン
C94231,False,0,8-17話,0,週刊少年チャンピオン
C94145,False,0,8-17話,0,週刊少年チャンピオン
C94266,False,0,8-17話,0,週刊少年チャンピオン
C94658,False,0,8-17話,0,週刊少年チャンピオン
C95313,False,0,8-17話,0,週刊少年チャンピオン
C95341,False,0,8-17話,0,週刊少年チャンピオン
C94359,False,0,8-17話,0,週刊少年チャンピオン
C95158,False,0,8-17話,0,週刊少年チャンピオン
C95065,False,0,8-17話,0,週刊少年チャンピオン
C94070,False,0,8-17話,0,週刊少年チャンピオン
C95131,False,0,8-17話,0,週刊少年チャンピオン
C95274,False,0,8-17話,0,週刊少年チャンピオン
C95808,False,0,8-17話,0,週刊少年チャンピオン
C94562,False,0,8-17話,0,週刊少年チャンピオン
C94990,False,0,8-17話,0,週刊少年チャンピオン
C95728,False,0,8-17話,0,週刊少年チャンピオン
C95530,False,0,8-17話,0,週刊少年チャンピオン
C94355,False,0,8-17話,0,週刊少年チャンピオン
C95099,False,0,8-17話,0,週刊少年チャンピオン
C94843,False,0,8-17話,0,週刊少年チャンピオン
C94346,False,0,8-17話,0,週刊少年チャンピオン
C94127,False,0,8-17話,0,週刊少年チャンピオン
C94655,False,0,8-17話,0,週刊少年チャンピオン
C95528,False,0,8-17話,0,週刊少年チャンピオン
C94118,False,0,8-17話,0,週刊少年チャンピオン
C94243,False,0,8-17話,0,週刊少年チャンピオン
C94805,False,0,8-17話,0,週刊少年チャンピオン
C94713,False,0,8-17話,0,週刊少年チャンピオン
C95547,False,0,8-17話,0,週刊少年チャンピオン
C94411,False,0,8-17話,0,週刊少年チャンピオン
C94479,False,0,8-17話,0,週刊少年チャンピオン
C94422,False,0,8-17話,0,週刊少年チャンピオン
C95721,False,0,8-17話,0,週刊少年チャンピオン
C94882,False,0,8-17話,0,週刊少年チャンピオン
C94439,False,0,8-17話,0,週刊少年チャンピオン
C94222,False,0,8-17話,0,週刊少年チャンピオン
C95012,False,0,8-17話,0,週刊少年チャンピオン
C95674,False,0,8-17話,0,週刊少年チャンピオン
C95526,False,0,8-17話,0,週刊少年チャンピオン
C94465,False,0,8-17話,0,週刊少年チャンピオン
C95701,False,0,8-17話,0,週刊少年チャンピオン
C94605,False,0,8-17話,0,週刊少年チャンピオン
C95121,False,0,8-17話,0,週刊少年チャンピオン
C94183,False,0,8-17話,0,週刊少年チャンピオン
C95644,False,0,8-17話,0,週刊少年チャンピオン
C94943,False,0,8-17話,0,週刊少年チャンピオン
C95003,False,0,8-17話,0,週刊少年チャンピオン
C94743,False,0,8-17話,0,週刊少年チャンピオン
C94414,False,0,8-17話,0,週刊少年チャンピオン
C94677,False,0,8-17話,0,週刊少年チャンピオン
C94357,False,0,8-17話,0,週刊少年チャンピオン
C95182,False,0,8-17話,0,週刊少年チャンピオン
C95583,False,0,8-17話,0,週刊少年チャンピオン
C94369,False,0,8-17話,0,週刊少年チャンピオン
C95693,False,0,8-17話,0,週刊少年チャンピオン
C95289,False,0,8-17話,0,週刊少年チャンピオン
C93980,False,0,8-17話,0,週刊少年チャンピオン
C94929,False,0,8-17話,0,週刊少年チャンピオン
C94288,False,0,8-17話,0,週刊少年チャンピオン
C95166,False,0,8-17話,0,週刊少年チャンピオン
C94671,False,0,8-17話,0,週刊少年チャンピオン
C94521,False,0,8-17話,0,週刊少年チャンピオン
C110911,False,0,8-17話,0,週刊少年チャンピオン
C110998,False,0,8-17話,0,週刊少年チャンピオン
C111000,False,0,8-17話,0,週刊少年チャンピオン
C111053,False,0,8-17話,0,週刊少年チャンピオン
C111104,False,0,8-17話,0,週刊少年チャンピオン
C112596,False,0,8-17話,0,週刊少年チャンピオン
C112592,False,0,8-17話,0,週刊少年チャンピオン
C115393,False,0,8-17話,0,週刊少年チャンピオン
C115468,False,0,8-17話,0,週刊少年チャンピオン
C115479,False,0,8-17話,0,週刊少年チャンピオン
C115484,False,0,8-17話,0,週刊少年チャンピオン
C94120,False,0,18-36話,1,週刊少年チャンピオン
C95638,False,0,18-36話,1,週刊少年チャンピオン
C95308,False,0,18-36話,1,週刊少年チャンピオン
C94128,False,0,18-36話,1,週刊少年チャンピオン
C94105,False,0,18-36話,1,週刊少年チャンピオン
C95415,False,0,18-36話,1,週刊少年チャンピオン
C94850,False,0,18-36話,1,週刊少年チャンピオン
C94320,False,0,18-36話,1,週刊少年チャンピオン
C95665,False,0,18-36話,1,週刊少年チャンピオン
C95562,False,0,18-36話,1,週刊少年チャンピオン
C95550,False,0,18-36話,1,週刊少年チャンピオン
C95107,False,0,18-36話,1,週刊少年チャンピオン
C95092,False,0,18-36話,1,週刊少年チャンピオン
C94186,False,0,18-36話,1,週刊少年チャンピオン
C94701,False,0,18-36話,1,週刊少年チャンピオン
C93997,False,0,18-36話,1,週刊少年チャンピオン
C94762,False,0,18-36話,1,週刊少年チャンピオン
C95190,False,0,18-36話,1,週刊少年チャンピオン
C95602,False,0,18-36話,1,週刊少年チャンピオン
C94261,False,0,18-36話,1,週刊少年チャンピオン
C94293,False,0,18-36話,1,週刊少年チャンピオン
C95300,False,0,18-36話,1,週刊少年チャンピオン
C93975,False,0,18-36話,1,週刊少年チャンピオン
C94178,False,0,18-36話,1,週刊少年チャンピオン
C95045,False,0,18-36話,1,週刊少年チャンピオン
C94206,False,0,18-36話,1,週刊少年チャンピオン
C95654,False,0,18-36話,1,週刊少年チャンピオン
C94137,False,0,18-36話,1,週刊少年チャンピオン
C95610,False,0,18-36話,1,週刊少年チャンピオン
C94869,False,0,18-36話,1,週刊少年チャンピオン
C93987,False,0,18-36話,1,週刊少年チャンピオン
C94573,False,0,18-36話,1,週刊少年チャンピオン
C95633,False,0,18-36話,1,週刊少年チャンピオン
C95197,False,0,18-36話,1,週刊少年チャンピオン
C94203,False,0,18-36話,1,週刊少年チャンピオン
C95167,False,0,18-36話,1,週刊少年チャンピオン
C95378,False,0,18-36話,1,週刊少年チャンピオン
C94216,False,0,18-36話,1,週刊少年チャンピオン
C94191,False,0,18-36話,1,週刊少年チャンピオン
C93983,False,0,18-36話,1,週刊少年チャンピオン
C94543,False,0,18-36話,1,週刊少年チャンピオン
C95641,False,0,18-36話,1,週刊少年チャンピオン
C95743,False,0,18-36話,1,週刊少年チャンピオン
C94197,False,0,18-36話,1,週刊少年チャンピオン
C94030,False,0,18-36話,1,週刊少年チャンピオン
C94969,False,0,18-36話,1,週刊少年チャンピオン
C94113,False,0,18-36話,1,週刊少年チャンピオン
C94207,False,0,18-36話,1,週刊少年チャンピオン
C95545,False,0,18-36話,1,週刊少年チャンピオン
C94535,False,0,18-36話,1,週刊少年チャンピオン
C94233,False,0,18-36話,1,週刊少年チャンピオン
C94940,False,0,18-36話,1,週刊少年チャンピオン
C94116,False,0,18-36話,1,週刊少年チャンピオン
C94910,False,0,18-36話,1,週刊少年チャンピオン
C94757,False,0,18-36話,1,週刊少年チャンピオン
C95698,False,0,18-36話,1,週刊少年チャンピオン
C95372,False,0,18-36話,1,週刊少年チャンピオン
C95711,False,0,18-36話,1,週刊少年チャンピオン
C95283,False,0,18-36話,1,週刊少年チャンピオン
C95842,False,0,18-36話,1,週刊少年チャンピオン
C94911,False,0,18-36話,1,週刊少年チャンピオン
C95673,False,0,18-36話,1,週刊少年チャンピオン
C94803,False,0,18-36話,1,週刊少年チャンピオン
C94544,False,0,18-36話,1,週刊少年チャンピオン
C95774,False,0,18-36話,1,週刊少年チャンピオン
C94253,False,0,18-36話,1,週刊少年チャンピオン
C95400,False,0,18-36話,1,週刊少年チャンピオン
C95458,False,0,18-36話,1,週刊少年チャンピオン
C94469,False,0,18-36話,1,週刊少年チャンピオン
C94415,False,0,18-36話,1,週刊少年チャンピオン
C95744,False,0,18-36話,1,週刊少年チャンピオン
C94226,False,0,18-36話,1,週刊少年チャンピオン
C94338,False,0,18-36話,1,週刊少年チャンピオン
C94267,False,0,18-36話,1,週刊少年チャンピオン
C95410,False,0,18-36話,1,週刊少年チャンピオン
C94169,False,0,18-36話,1,週刊少年チャンピオン
C94623,False,0,18-36話,1,週刊少年チャンピオン
C94848,False,0,18-36話,1,週刊少年チャンピオン
C95244,False,0,18-36話,1,週刊少年チャンピオン
C94734,False,0,18-36話,1,週刊少年チャンピオン
C94114,False,0,18-36話,1,週刊少年チャンピオン
C94606,False,0,18-36話,1,週刊少年チャンピオン
C95292,False,0,18-36話,1,週刊少年チャンピオン
C95845,False,0,18-36話,1,週刊少年チャンピオン
C94988,False,0,18-36話,1,週刊少年チャンピオン
C95073,False,0,18-36話,1,週刊少年チャンピオン
C94175,False,0,18-36話,1,週刊少年チャンピオン
C95883,False,0,18-36話,1,週刊少年チャンピオン
C95867,False,0,18-36話,1,週刊少年チャンピオン
C95276,False,0,18-36話,1,週刊少年チャンピオン
C93994,False,0,18-36話,1,週刊少年チャンピオン
C94109,False,0,18-36話,1,週刊少年チャンピオン
C94966,False,0,18-36話,1,週刊少年チャンピオン
C94862,False,0,18-36話,1,週刊少年チャンピオン
C110923,False,0,18-36話,1,週刊少年チャンピオン
C110940,False,0,18-36話,1,週刊少年チャンピオン
C110942,False,0,18-36話,1,週刊少年チャンピオン
C111051,False,0,18-36話,1,週刊少年チャンピオン
C111093,False,0,18-36話,1,週刊少年チャンピオン
C112586,False,0,18-36話,1,週刊少年チャンピオン
C112600,False,0,18-36話,1,週刊少年チャンピオン
C112613,False,0,18-36話,1,週刊少年チャンピオン
C112612,False,0,18-36話,1,週刊少年チャンピオン
C115507,False,0,18-36話,1,週刊少年チャンピオン
C115478,False,0,18-36話,1,週刊少年チャンピオン
C115480,False,0,18-36話,1,週刊少年チャンピオン
C95455,False,0,37-92話,2,週刊少年チャンピオン
C95652,False,0,37-92話,2,週刊少年チャンピオン
C95370,False,0,37-92話,2,週刊少年チャンピオン
C94435,False,0,37-92話,2,週刊少年チャンピオン
C94551,False,0,37-92話,2,週刊少年チャンピオン
C95111,False,0,37-92話,2,週刊少年チャンピオン
C94926,False,0,37-92話,2,週刊少年チャンピオン
C95094,False,0,37-92話,2,週刊少年チャンピオン
C94539,False,0,37-92話,2,週刊少年チャンピオン
C95314,False,0,37-92話,2,週刊少年チャンピオン
C95170,False,0,37-92話,2,週刊少年チャンピオン
C94212,False,0,37-92話,2,週刊少年チャンピオン
C94577,False,0,37-92話,2,週刊少年チャンピオン
C94554,False,0,37-92話,2,週刊少年チャンピオン
C95046,False,0,37-92話,2,週刊少年チャンピオン
C95284,False,0,37-92話,2,週刊少年チャンピオン
C94026,False,0,37-92話,2,週刊少年チャンピオン
C94984,False,0,37-92話,2,週刊少年チャンピオン
C94580,False,0,37-92話,2,週刊少年チャンピオン
C94153,False,0,37-92話,2,週刊少年チャンピオン
C94463,False,0,37-92話,2,週刊少年チャンピオン
C95872,False,0,37-92話,2,週刊少年チャンピオン
C94574,False,0,37-92話,2,週刊少年チャンピオン
C94621,False,0,37-92話,2,週刊少年チャンピオン
C95422,False,0,37-92話,2,週刊少年チャンピオン
C95334,False,0,37-92話,2,週刊少年チャンピオン
C94585,False,0,37-92話,2,週刊少年チャンピオン
C95826,False,0,37-92話,2,週刊少年チャンピオン
C94753,False,0,37-92話,2,週刊少年チャンピオン
C94780,False,0,37-92話,2,週刊少年チャンピオン
C95122,False,0,37-92話,2,週刊少年チャンピオン
C95579,False,0,37-92話,2,週刊少年チャンピオン
C95784,False,0,37-92話,2,週刊少年チャンピオン
C95114,False,0,37-92話,2,週刊少年チャンピオン
C95071,False,0,37-92話,2,週刊少年チャンピオン
C95818,False,0,37-92話,2,週刊少年チャンピオン
C94166,False,0,37-92話,2,週刊少年チャンピオン
C95074,False,0,37-92話,2,週刊少年チャンピオン
C95212,False,0,37-92話,2,週刊少年チャンピオン
C95580,False,0,37-92話,2,週刊少年チャンピオン
C94519,False,0,37-92話,2,週刊少年チャンピオン
C95435,False,0,37-92話,2,週刊少年チャンピオン
C95625,False,0,37-92話,2,週刊少年チャンピオン
C94752,False,0,37-92話,2,週刊少年チャンピオン
C94232,False,0,37-92話,2,週刊少年チャンピオン
C94076,False,0,37-92話,2,週刊少年チャンピオン
C94905,False,0,37-92話,2,週刊少年チャンピオン
C95376,False,0,37-92話,2,週刊少年チャンピオン
C95446,False,0,37-92話,2,週刊少年チャンピオン
C94883,False,0,37-92話,2,週刊少年チャンピオン
C94468,False,0,37-92話,2,週刊少年チャンピオン
C94177,False,0,37-92話,2,週刊少年チャンピオン
C95124,False,0,37-92話,2,週刊少年チャンピオン
C94948,False,0,37-92話,2,週刊少年チャンピオン
C95828,False,0,37-92話,2,週刊少年チャンピオン
C94007,False,0,37-92話,2,週刊少年チャンピオン
C95192,False,0,37-92話,2,週刊少年チャンピオン
C95787,False,0,37-92話,2,週刊少年チャンピオン
C94199,False,0,37-92話,2,週刊少年チャンピオン
C95256,False,0,37-92話,2,週刊少年チャンピオン
C94763,False,0,37-92話,2,週刊少年チャンピオン
C95339,False,0,37-92話,2,週刊少年チャンピオン
C95064,False,0,37-92話,2,週刊少年チャンピオン
C95747,False,0,37-92話,2,週刊少年チャンピオン
C94702,False,0,37-92話,2,週刊少年チャンピオン
C95423,False,0,37-92話,2,週刊少年チャンピオン
C95293,False,0,37-92話,2,週刊少年チャンピオン
C95080,False,0,37-92話,2,週刊少年チャンピオン
C95643,False,0,37-92話,2,週刊少年チャンピオン
C95791,False,0,37-92話,2,週刊少年チャンピオン
C95719,False,0,37-92話,2,週刊少年チャンピオン
C94200,False,0,37-92話,2,週刊少年チャンピオン
C94147,False,0,37-92話,2,週刊少年チャンピオン
C95204,False,0,37-92話,2,週刊少年チャンピオン
C94021,False,0,37-92話,2,週刊少年チャンピオン
C94837,False,0,37-92話,2,週刊少年チャンピオン
C94793,False,0,37-92話,2,週刊少年チャンピオン
C95343,False,0,37-92話,2,週刊少年チャンピオン
C95058,False,0,37-92話,2,週刊少年チャンピオン
C94484,False,0,37-92話,2,週刊少年チャンピオン
C94833,False,0,37-92話,2,週刊少年チャンピオン
C95558,False,0,37-92話,2,週刊少年チャンピオン
C94534,False,0,37-92話,2,週刊少年チャンピオン
C95880,False,0,37-92話,2,週刊少年チャンピオン
C95102,False,0,37-92話,2,週刊少年チャンピオン
C95816,False,0,37-92話,2,週刊少年チャンピオン
C94927,False,0,37-92話,2,週刊少年チャンピオン
C94769,False,0,37-92話,2,週刊少年チャンピオン
C94330,False,0,37-92話,2,週刊少年チャンピオン
C94006,False,0,37-92話,2,週刊少年チャンピオン
C95277,False,0,37-92話,2,週刊少年チャンピオン
C94664,False,0,37-92話,2,週刊少年チャンピオン
C95584,False,0,37-92話,2,週刊少年チャンピオン
C95271,False,0,37-92話,2,週刊少年チャンピオン
C94298,False,0,37-92話,2,週刊少年チャンピオン
C95024,False,0,37-92話,2,週刊少年チャンピオン
C94331,False,0,37-92話,2,週刊少年チャンピオン
C95735,False,0,37-92話,2,週刊少年チャンピオン
C94098,False,0,37-92話,2,週刊少年チャンピオン
C94383,False,0,37-92話,2,週刊少年チャンピオン
C94372,False,0,37-92話,2,週刊少年チャンピオン
C94914,False,0,37-92話,2,週刊少年チャンピオン
C94801,False,0,37-92話,2,週刊少年チャンピオン
C110976,False,0,37-92話,2,週刊少年チャンピオン
C110995,False,0,37-92話,2,週刊少年チャンピオン
C111002,False,0,37-92話,2,週刊少年チャンピオン
C111091,False,0,37-92話,2,週刊少年チャンピオン
C112585,False,0,37-92話,2,週刊少年チャンピオン
C112607,False,0,37-92話,2,週刊少年チャンピオン
C112604,False,0,37-92話,2,週刊少年チャンピオン
C112618,False,0,37-92話,2,週刊少年チャンピオン
C115397,False,0,37-92話,2,週刊少年チャンピオン
C115400,False,0,37-92話,2,週刊少年チャンピオン
C115409,False,0,37-92話,2,週刊少年チャンピオン
C95820,False,0,93-1008話,3,週刊少年チャンピオン
C94781,False,0,93-1008話,3,週刊少年チャンピオン
C94952,False,0,93-1008話,3,週刊少年チャンピオン
C94056,False,0,93-1008話,3,週刊少年チャンピオン
C94578,False,0,93-1008話,3,週刊少年チャンピオン
C95825,False,0,93-1008話,3,週刊少年チャンピオン
C94371,False,0,93-1008話,3,週刊少年チャンピオン
C94011,False,0,93-1008話,3,週刊少年チャンピオン
C94767,False,0,93-1008話,3,週刊少年チャンピオン
C95044,False,0,93-1008話,3,週刊少年チャンピオン
C95509,False,0,93-1008話,3,週刊少年チャンピオン
C94567,False,0,93-1008話,3,週刊少年チャンピオン
C94035,False,0,93-1008話,3,週刊少年チャンピオン
C95079,False,0,93-1008話,3,週刊少年チャンピオン
C94531,False,0,93-1008話,3,週刊少年チャンピオン
C95161,False,0,93-1008話,3,週刊少年チャンピオン
C93993,False,0,93-1008話,3,週刊少年チャンピオン
C93985,False,0,93-1008話,3,週刊少年チャンピオン
C93992,False,0,93-1008話,3,週刊少年チャンピオン
C95715,False,0,93-1008話,3,週刊少年チャンピオン
C94864,False,0,93-1008話,3,週刊少年チャンピオン
C95321,False,0,93-1008話,3,週刊少年チャンピオン
C95661,False,0,93-1008話,3,週刊少年チャンピオン
C94827,False,0,93-1008話,3,週刊少年チャンピオン
C94096,False,0,93-1008話,3,週刊少年チャンピオン
C95128,False,0,93-1008話,3,週刊少年チャンピオン
C94482,False,0,93-1008話,3,週刊少年チャンピオン
C94192,False,0,93-1008話,3,週刊少年チャンピオン
C95290,False,0,93-1008話,3,週刊少年チャンピオン
C94123,False,0,93-1008話,3,週刊少年チャンピオン
C95011,False,0,93-1008話,3,週刊少年チャンピオン
C94600,False,0,93-1008話,3,週刊少年チャンピオン
C95510,False,0,93-1008話,3,週刊少年チャンピオン
C95231,False,0,93-1008話,3,週刊少年チャンピオン
C94396,False,0,93-1008話,3,週刊少年チャンピオン
C94602,False,0,93-1008話,3,週刊少年チャンピオン
C94195,False,0,93-1008話,3,週刊少年チャンピオン
C94599,False,0,93-1008話,3,週刊少年チャンピオン
C94478,False,0,93-1008話,3,週刊少年チャンピオン
C94219,False,0,93-1008話,3,週刊少年チャンピオン
C94271,False,0,93-1008話,3,週刊少年チャンピオン
C95651,False,0,93-1008話,3,週刊少年チャンピオン
C95890,False,0,93-1008話,3,週刊少年チャンピオン
C95129,False,0,93-1008話,3,週刊少年チャンピオン
C94348,False,0,93-1008話,3,週刊少年チャンピオン
C94935,False,0,93-1008話,3,週刊少年チャンピオン
C94840,False,0,93-1008話,3,週刊少年チャンピオン
C95226,False,0,93-1008話,3,週刊少年チャンピオン
C95593,False,0,93-1008話,3,週刊少年チャンピオン
C94094,False,0,93-1008話,3,週刊少年チャンピオン
C94841,False,0,93-1008話,3,週刊少年チャンピオン
C94142,False,0,93-1008話,3,週刊少年チャンピオン
C94703,False,0,93-1008話,3,週刊少年チャンピオン
C94151,False,0,93-1008話,3,週刊少年チャンピオン
C94796,False,0,93-1008話,3,週刊少年チャンピオン
C94652,False,0,93-1008話,3,週刊少年チャンピオン
C94117,False,0,93-1008話,3,週刊少年チャンピオン
C95067,False,0,93-1008話,3,週刊少年チャンピオン
C95227,False,0,93-1008話,3,週刊少年チャンピオン
C95839,False,0,93-1008話,3,週刊少年チャンピオン
C95387,False,0,93-1008話,3,週刊少年チャンピオン
C95582,False,0,93-1008話,3,週刊少年チャンピオン
C94601,False,0,93-1008話,3,週刊少年チャンピオン
C94595,False,0,93-1008話,3,週刊少年チャンピオン
C95130,False,0,93-1008話,3,週刊少年チャンピオン
C95388,False,0,93-1008話,3,週刊少年チャンピオン
C95817,False,0,93-1008話,3,週刊少年チャンピオン
C94524,False,0,93-1008話,3,週刊少年チャンピオン
C95712,False,0,93-1008話,3,週刊少年チャンピオン
C94999,False,0,93-1008話,3,週刊少年チャンピオン
C95291,False,0,93-1008話,3,週刊少年チャンピオン
C95565,False,0,93-1008話,3,週刊少年チャンピオン
C110975,False,0,93-1008話,3,週刊少年チャンピオン
C110978,False,0,93-1008話,3,週刊少年チャンピオン
C94628,True,1,37-92話,2,週刊少年チャンピオン
C95786,True,1,37-92話,2,週刊少年チャンピオン
C94561,True,1,93-1008話,3,週刊少年チャンピオン
C94390,True,1,93-1008話,3,週刊少年チャンピオン
C95219,True,1,93-1008話,3,週刊少年チャンピオン
C95338,True,1,93-1008話,3,週刊少年チャンピオン
C95366,True,1,93-1008話,3,週刊少年チャンピオン
C95040,True,1,93-1008話,3,週刊少年チャンピオン
C95531,True,1,93-1008話,3,週刊少年チャンピオン
C95792,True,1,93-1008話,3,週刊少年チャンピオン
C94972,True,1,93-1008話,3,週刊少年チャンピオン
C89982,False,0,8-17話,0,週刊少年マガジン
C90531,False,0,8-17話,0,週刊少年マガジン
C90183,False,0,8-17話,0,週刊少年マガジン
C91299,False,0,8-17話,0,週刊少年マガジン
C91451,False,0,8-17話,0,週刊少年マガジン
C91358,False,0,8-17話,0,週刊少年マガジン
C91994,False,0,8-17話,0,週刊少年マガジン
C91521,False,0,8-17話,0,週刊少年マガジン
C91490,False,0,8-17話,0,週刊少年マガジン
C90242,False,0,8-17話,0,週刊少年マガジン
C90229,False,0,8-17話,0,週刊少年マガジン
C90166,False,0,8-17話,0,週刊少年マガジン
C91481,False,0,8-17話,0,週刊少年マガジン
C90950,False,0,8-17話,0,週刊少年マガジン
C90867,False,0,8-17話,0,週刊少年マガジン
C91373,False,0,8-17話,0,週刊少年マガジン
C90629,False,0,8-17話,0,週刊少年マガジン
C91506,False,0,8-17話,0,週刊少年マガジン
C89981,False,0,8-17話,0,週刊少年マガジン
C90263,False,0,8-17話,0,週刊少年マガジン
C89897,False,0,8-17話,0,週刊少年マガジン
C90677,False,0,8-17話,0,週刊少年マガジン
C90678,False,0,8-17話,0,週刊少年マガジン
C90225,False,0,8-17話,0,週刊少年マガジン
C90038,False,0,8-17話,0,週刊少年マガジン
C89946,False,0,8-17話,0,週刊少年マガジン
C90002,False,0,8-17話,0,週刊少年マガジン
C90584,False,0,8-17話,0,週刊少年マガジン
C90530,False,0,8-17話,0,週刊少年マガジン
C90843,False,0,8-17話,0,週刊少年マガジン
C90497,False,0,8-17話,0,週刊少年マガジン
C90213,False,0,8-17話,0,週刊少年マガジン
C91063,False,0,8-17話,0,週刊少年マガジン
C90011,False,0,8-17話,0,週刊少年マガジン
C90980,False,0,8-17話,0,週刊少年マガジン
C90006,False,0,8-17話,0,週刊少年マガジン
C90133,False,0,8-17話,0,週刊少年マガジン
C90757,False,0,8-17話,0,週刊少年マガジン
C90715,False,0,8-17話,0,週刊少年マガジン
C90221,False,0,8-17話,0,週刊少年マガジン
C89994,False,0,8-17話,0,週刊少年マガジン
C90965,False,0,8-17話,0,週刊少年マガジン
C91295,False,0,8-17話,0,週刊少年マガジン
C91877,False,0,8-17話,0,週刊少年マガジン
C89987,False,0,8-17話,0,週刊少年マガジン
C91828,False,0,8-17話,0,週刊少年マガジン
C90878,False,0,8-17話,0,週刊少年マガジン
C92011,False,0,8-17話,0,週刊少年マガジン
C90253,False,0,8-17話,0,週刊少年マガジン
C90550,False,0,8-17話,0,週刊少年マガジン
C90014,False,0,8-17話,0,週刊少年マガジン
C90037,False,0,8-17話,0,週刊少年マガジン
C91045,False,0,8-17話,0,週刊少年マガジン
C90132,False,0,8-17話,0,週刊少年マガジン
C91241,False,0,8-17話,0,週刊少年マガジン
C91110,False,0,8-17話,0,週刊少年マガジン
C91448,False,0,8-17話,0,週刊少年マガジン
C91147,False,0,8-17話,0,週刊少年マガジン
C90902,False,0,8-17話,0,週刊少年マガジン
C91753,False,0,8-17話,0,週刊少年マガジン
C89955,False,0,8-17話,0,週刊少年マガジン
C91843,False,0,8-17話,0,週刊少年マガジン
C91106,False,0,8-17話,0,週刊少年マガジン
C89996,False,0,8-17話,0,週刊少年マガジン
C91958,False,0,8-17話,0,週刊少年マガジン
C91489,False,0,8-17話,0,週刊少年マガジン
C89958,False,0,8-17話,0,週刊少年マガジン
C90000,False,0,8-17話,0,週刊少年マガジン
C91152,False,0,8-17話,0,週刊少年マガジン
C90883,False,0,8-17話,0,週刊少年マガジン
C91055,False,0,8-17話,0,週刊少年マガジン
C91247,False,0,8-17話,0,週刊少年マガジン
C90631,False,0,8-17話,0,週刊少年マガジン
C111032,False,0,8-17話,0,週刊少年マガジン
C111063,False,0,8-17話,0,週刊少年マガジン
C111086,False,0,8-17話,0,週刊少年マガジン
C111103,False,0,8-17話,0,週刊少年マガジン
C112715,False,0,8-17話,0,週刊少年マガジン
C112700,False,0,8-17話,0,週刊少年マガジン
C112703,False,0,8-17話,0,週刊少年マガジン
C115402,False,0,8-17話,0,週刊少年マガジン
C115462,False,0,8-17話,0,週刊少年マガジン
C115528,False,0,8-17話,0,週刊少年マガジン
C115530,False,0,8-17話,0,週刊少年マガジン
C115533,False,0,8-17話,0,週刊少年マガジン
C115555,False,0,8-17話,0,週刊少年マガジン
C91298,False,0,18-36話,1,週刊少年マガジン
C91449,False,0,18-36話,1,週刊少年マガジン
C91017,False,0,18-36話,1,週刊少年マガジン
C91262,False,0,18-36話,1,週刊少年マガジン
C91220,False,0,18-36話,1,週刊少年マガジン
C90206,False,0,18-36話,1,週刊少年マガジン
C89934,False,0,18-36話,1,週刊少年マガジン
C91514,False,0,18-36話,1,週刊少年マガジン
C90351,False,0,18-36話,1,週刊少年マガジン
C91077,False,0,18-36話,1,週刊少年マガジン
C90895,False,0,18-36話,1,週刊少年マガジン
C89966,False,0,18-36話,1,週刊少年マガジン
C91222,False,0,18-36話,1,週刊少年マガジン
C90392,False,0,18-36話,1,週刊少年マガジン
C90486,False,0,18-36話,1,週刊少年マガジン
C91223,False,0,18-36話,1,週刊少年マガジン
C90239,False,0,18-36話,1,週刊少年マガジン
C91117,False,0,18-36話,1,週刊少年マガジン
C90996,False,0,18-36話,1,週刊少年マガジン
C91953,False,0,18-36話,1,週刊少年マガジン
C91103,False,0,18-36話,1,週刊少年マガジン
C90940,False,0,18-36話,1,週刊少年マガジン
C90005,False,0,18-36話,1,週刊少年マガジン
C90573,False,0,18-36話,1,週刊少年マガジン
C90220,False,0,18-36話,1,週刊少年マガジン
C89945,False,0,18-36話,1,週刊少年マガジン
C90019,False,0,18-36話,1,週刊少年マガジン
C90992,False,0,18-36話,1,週刊少年マガジン
C90158,False,0,18-36話,1,週刊少年マガジン
C90792,False,0,18-36話,1,週刊少年マガジン
C91566,False,0,18-36話,1,週刊少年マガジン
C90135,False,0,18-36話,1,週刊少年マガジン
C90187,False,0,18-36話,1,週刊少年マガジン
C90233,False,0,18-36話,1,週刊少年マガジン
C90042,False,0,18-36話,1,週刊少年マガジン
C91418,False,0,18-36話,1,週刊少年マガジン
C90317,False,0,18-36話,1,週刊少年マガジン
C90222,False,0,18-36話,1,週刊少年マガジン
C89984,False,0,18-36話,1,週刊少年マガジン
C90659,False,0,18-36話,1,週刊少年マガジン
C90923,False,0,18-36話,1,週刊少年マガジン
C91560,False,0,18-36話,1,週刊少年マガジン
C90098,False,0,18-36話,1,週刊少年マガジン
C91135,False,0,18-36話,1,週刊少年マガジン
C90276,False,0,18-36話,1,週刊少年マガジン
C90828,False,0,18-36話,1,週刊少年マガジン
C91051,False,0,18-36話,1,週刊少年マガジン
C90122,False,0,18-36話,1,週刊少年マガジン
C91014,False,0,18-36話,1,週刊少年マガジン
C90948,False,0,18-36話,1,週刊少年マガジン
C90912,False,0,18-36話,1,週刊少年マガジン
C90745,False,0,18-36話,1,週刊少年マガジン
C91225,False,0,18-36話,1,週刊少年マガジン
C89949,False,0,18-36話,1,週刊少年マガジン
C90812,False,0,18-36話,1,週刊少年マガジン
C90656,False,0,18-36話,1,週刊少年マガジン
C91558,False,0,18-36話,1,週刊少年マガジン
C91457,False,0,18-36話,1,週刊少年マガジン
C90443,False,0,18-36話,1,週刊少年マガジン
C91752,False,0,18-36話,1,週刊少年マガジン
C90505,False,0,18-36話,1,週刊少年マガジン
C90868,False,0,18-36話,1,週刊少年マガジン
C90028,False,0,18-36話,1,週刊少年マガジン
C90485,False,0,18-36話,1,週刊少年マガジン
C91206,False,0,18-36話,1,週刊少年マガジン
C90722,False,0,18-36話,1,週刊少年マガジン
C110897,False,0,18-36話,1,週刊少年マガジン
C110947,False,0,18-36話,1,週刊少年マガジン
C112683,False,0,18-36話,1,週刊少年マガジン
C112710,False,0,18-36話,1,週刊少年マガジン
C112714,False,0,18-36話,1,週刊少年マガジン
C112679,False,0,18-36話,1,週刊少年マガジン
C112690,False,0,18-36話,1,週刊少年マガジン
C115378,False,0,18-36話,1,週刊少年マガジン
C115388,False,0,18-36話,1,週刊少年マガジン
C115435,False,0,18-36話,1,週刊少年マガジン
C115459,False,0,18-36話,1,週刊少年マガジン
C115522,False,0,18-36話,1,週刊少年マガジン
C90256,False,0,37-92話,2,週刊少年マガジン
C90043,False,0,37-92話,2,週刊少年マガジン
C90491,False,0,37-92話,2,週刊少年マガジン
C90682,False,0,37-92話,2,週刊少年マガジン
C91416,False,0,37-92話,2,週刊少年マガジン
C90001,False,0,37-92話,2,週刊少年マガジン
C91417,False,0,37-92話,2,週刊少年マガジン
C90039,False,0,37-92話,2,週刊少年マガジン
C90309,False,0,37-92話,2,週刊少年マガジン
C90977,False,0,37-92話,2,週刊少年マガジン
C91392,False,0,37-92話,2,週刊少年マガジン
C90021,False,0,37-92話,2,週刊少年マガジン
C90240,False,0,37-92話,2,週刊少年マガジン
C91113,False,0,37-92話,2,週刊少年マガジン
C89967,False,0,37-92話,2,週刊少年マガジン
C90205,False,0,37-92話,2,週刊少年マガジン
C90214,False,0,37-92話,2,週刊少年マガジン
C91372,False,0,37-92話,2,週刊少年マガジン
C91311,False,0,37-92話,2,週刊少年マガジン
C89990,False,0,37-92話,2,週刊少年マガジン
C90022,False,0,37-92話,2,週刊少年マガジン
C91328,False,0,37-92話,2,週刊少年マガジン
C91859,False,0,37-92話,2,週刊少年マガジン
C91979,False,0,37-92話,2,週刊少年マガジン
C90804,False,0,37-92話,2,週刊少年マガジン
C89954,False,0,37-92話,2,週刊少年マガジン
C91984,False,0,37-92話,2,週刊少年マガジン
C90628,False,0,37-92話,2,週刊少年マガジン
C89922,False,0,37-92話,2,週刊少年マガジン
C92019,False,0,37-92話,2,週刊少年マガジン
C89962,False,0,37-92話,2,週刊少年マガジン
C91440,False,0,37-92話,2,週刊少年マガジン
C90202,False,0,37-92話,2,週刊少年マガジン
C90258,False,0,37-92話,2,週刊少年マガジン
C91252,False,0,37-92話,2,週刊少年マガジン
C90476,False,0,37-92話,2,週刊少年マガジン
C91251,False,0,37-92話,2,週刊少年マガジン
C90771,False,0,37-92話,2,週刊少年マガジン
C90172,False,0,37-92話,2,週刊少年マガジン
C91291,False,0,37-92話,2,週刊少年マガジン
C89895,False,0,37-92話,2,週刊少年マガジン
C91034,False,0,37-92話,2,週刊少年マガジン
C91854,False,0,37-92話,2,週刊少年マガジン
C91941,False,0,37-92話,2,週刊少年マガジン
C91180,False,0,37-92話,2,週刊少年マガジン
C90796,False,0,37-92話,2,週刊少年マガジン
C90204,False,0,37-92話,2,週刊少年マガジン
C91161,False,0,37-92話,2,週刊少年マガジン
C91427,False,0,37-92話,2,週刊少年マガジン
C91309,False,0,37-92話,2,週刊少年マガジン
C90860,False,0,37-92話,2,週刊少年マガジン
C89973,False,0,37-92話,2,週刊少年マガジン
C90624,False,0,37-92話,2,週刊少年マガジン
C90664,False,0,37-92話,2,週刊少年マガジン
C91175,False,0,37-92話,2,週刊少年マガジン
C91983,False,0,37-92話,2,週刊少年マガジン
C91982,False,0,37-92話,2,週刊少年マガジン
C110950,False,0,37-92話,2,週刊少年マガジン
C111048,False,0,37-92話,2,週刊少年マガジン
C112702,False,0,37-92話,2,週刊少年マガジン
C112697,False,0,37-92話,2,週刊少年マガジン
C112685,False,0,37-92話,2,週刊少年マガジン
C112707,False,0,37-92話,2,週刊少年マガジン
C112680,False,0,37-92話,2,週刊少年マガジン
C115425,False,0,37-92話,2,週刊少年マガジン
C90176,False,0,93-1008話,3,週刊少年マガジン
C91025,False,0,93-1008話,3,週刊少年マガジン
C91540,False,0,93-1008話,3,週刊少年マガジン
C90156,False,0,93-1008話,3,週刊少年マガジン
C90927,False,0,93-1008話,3,週刊少年マガジン
C91419,False,0,93-1008話,3,週刊少年マガジン
C91032,False,0,93-1008話,3,週刊少年マガジン
C91018,False,0,93-1008話,3,週刊少年マガジン
C90020,False,0,93-1008話,3,週刊少年マガジン
C91806,False,0,93-1008話,3,週刊少年マガジン
C89972,False,0,93-1008話,3,週刊少年マガジン
C89999,False,0,93-1008話,3,週刊少年マガジン
C91064,False,0,93-1008話,3,週刊少年マガジン
C90899,False,0,93-1008話,3,週刊少年マガジン
C91396,False,0,93-1008話,3,週刊少年マガジン
C90694,False,0,93-1008話,3,週刊少年マガジン
C89971,False,0,93-1008話,3,週刊少年マガジン
C90281,False,0,93-1008話,3,週刊少年マガジン
C90994,False,0,93-1008話,3,週刊少年マガジン
C89953,False,0,93-1008話,3,週刊少年マガジン
C91071,False,0,93-1008話,3,週刊少年マガジン
C91019,False,0,93-1008話,3,週刊少年マガジン
C90496,False,0,93-1008話,3,週刊少年マガジン
C90995,False,0,93-1008話,3,週刊少年マガジン
C92584,False,0,93-1008話,3,週刊少年マガジン
C91202,False,0,93-1008話,3,週刊少年マガジン
C90653,False,0,93-1008話,3,週刊少年マガジン
C90542,False,0,93-1008話,3,週刊少年マガジン
C89970,False,0,93-1008話,3,週刊少年マガジン
C90954,False,0,93-1008話,3,週刊少年マガジン
C91043,False,0,93-1008話,3,週刊少年マガジン
C90324,False,0,93-1008話,3,週刊少年マガジン
C91278,False,0,93-1008話,3,週刊少年マガジン
C91882,False,0,93-1008話,3,週刊少年マガジン
C91925,False,0,93-1008話,3,週刊少年マガジン
C91134,False,0,93-1008話,3,週刊少年マガジン
C91461,False,0,93-1008話,3,週刊少年マガジン
C91499,False,0,93-1008話,3,週刊少年マガジン
C90979,False,0,93-1008話,3,週刊少年マガジン
C89951,False,0,93-1008話,3,週刊少年マガジン
C91296,False,0,93-1008話,3,週刊少年マガジン
C90421,False,0,93-1008話,3,週刊少年マガジン
C89985,False,0,93-1008話,3,週刊少年マガジン
C90168,False,0,93-1008話,3,週刊少年マガジン
C89929,False,0,93-1008話,3,週刊少年マガジン
C89936,False,0,93-1008話,3,週刊少年マガジン
C90297,False,0,93-1008話,3,週刊少年マガジン
C91209,False,0,93-1008話,3,週刊少年マガジン
C92003,False,0,93-1008話,3,週刊少年マガジン
C90170,False,0,93-1008話,3,週刊少年マガジン
C89930,False,0,93-1008話,3,週刊少年マガジン
C90252,False,0,93-1008話,3,週刊少年マガジン
C91303,False,0,93-1008話,3,週刊少年マガジン
C110898,False,0,93-1008話,3,週刊少年マガジン
C110993,False,0,93-1008話,3,週刊少年マガジン
C90794,True,1,18-36話,1,週刊少年マガジン
C90306,True,1,18-36話,1,週刊少年マガジン
C90993,True,1,93-1008話,3,週刊少年マガジン
C89952,True,1,93-1008話,3,週刊少年マガジン
C90527,True,1,93-1008話,3,週刊少年マガジン
C90031,True,1,93-1008話,3,週刊少年マガジン
C89995,True,1,93-1008話,3,週刊少年マガジン
C91965,True,1,93-1008話,3,週刊少年マガジン
C89986,True,1,93-1008話,3,週刊少年マガジン
C90025,True,1,93-1008話,3,週刊少年マガジン
C90219,True,1,93-1008話,3,週刊少年マガジン
C90703,True,1,93-1008話,3,週刊少年マガジン
C91240,True,1,93-1008話,3,週刊少年マガジン
C90858,True,1,93-1008話,3,週刊少年マガジン
C91092,True,1,93-1008話,3,週刊少年マガジン
C90415,True,1,93-1008話,3,週刊少年マガジン
C91386,True,1,93-1008話,3,週刊少年マガジン
C91219,True,1,93-1008話,3,週刊少年マガジン
C91098,True,1,93-1008話,3,週刊少年マガジン
C90721,True,1,93-1008話,3,週刊少年マガジン
C90212,True,1,93-1008話,3,週刊少年マガジン
C90602,True,1,93-1008話,3,週刊少年マガジン
C90428,True,1,93-1008話,3,週刊少年マガジン
C90829,True,1,93-1008話,3,週刊少年マガジン
C89978,True,1,93-1008話,3,週刊少年マガジン
C89939,True,1,93-1008話,3,週刊少年マガジン
C90482,True,1,93-1008話,3,週刊少年マガジン
C89961,True,1,93-1008話,3,週刊少年マガジン
C91157,True,1,93-1008話,3,週刊少年マガジン
C91340,True,1,93-1008話,3,週刊少年マガジン
C90848,True,1,93-1008話,3,週刊少年マガジン
C91337,True,1,93-1008話,3,週刊少年マガジン
C91918,True,1,93-1008話,3,週刊少年マガジン
C90329,True,1,93-1008話,3,週刊少年マガジン
C89964,True,1,93-1008話,3,週刊少年マガジン
C90528,True,1,93-1008話,3,週刊少年マガジン
C91565,True,1,93-1008話,3,週刊少年マガジン
